[{"model": "admin.logentry", "pk": 1, "fields": {"action_time": "2022-06-25T13:25:26.818Z", "user": 1, "content_type": 8, "object_id": "1", "object_repr": "Bookshop", "action_flag": 1, "change_message": "[{\"added\": {}}]"}}, {"model": "admin.logentry", "pk": 2, "fields": {"action_time": "2022-06-25T13:30:02.244Z", "user": 1, "content_type": 8, "object_id": "2", "object_repr": "Electronics", "action_flag": 1, "change_message": "[{\"added\": {}}]"}}, {"model": "admin.logentry", "pk": 3, "fields": {"action_time": "2022-06-25T13:30:21.057Z", "user": 1, "content_type": 8, "object_id": "3", "object_repr": "furniture", "action_flag": 1, "change_message": "[{\"added\": {}}]"}}, {"model": "admin.logentry", "pk": 4, "fields": {"action_time": "2022-06-25T13:32:24.914Z", "user": 1, "content_type": 8, "object_id": "4", "object_repr": "Shoes", "action_flag": 1, "change_message": "[{\"added\": {}}]"}}, {"model": "admin.logentry", "pk": 5, "fields": {"action_time": "2022-06-25T13:32:51.286Z", "user": 1, "content_type": 8, "object_id": "3", "object_repr": "Furniture", "action_flag": 2, "change_message": "[{\"changed\": {\"fields\": [\"Shop category\", \"Category description \"]}}]"}}, {"model": "admin.logentry", "pk": 6, "fields": {"action_time": "2022-06-25T13:44:15.464Z", "user": 1, "content_type": 7, "object_id": "1", "object_repr": "Chaire", "action_flag": 1, "change_message": "[{\"added\": {}}]"}}, {"model": "admin.logentry", "pk": 7, "fields": {"action_time": "2022-06-25T13:45:21.920Z", "user": 1, "content_type": 7, "object_id": "1", "object_repr": "Chair", "action_flag": 2, "change_message": "[{\"changed\": {\"fields\": [\"Category\"]}}]"}}, {"model": "admin.logentry", "pk": 8, "fields": {"action_time": "2022-06-25T13:45:58.795Z", "user": 1, "content_type": 9, "object_id": "1", "object_repr": "Modern City Wood", "action_flag": 1, "change_message": "[{\"added\": {}}, {\"added\": {\"name\": \"item\", \"object\": \"Chair yellow\"}}, {\"added\": {\"name\": \"item\", \"object\": \"Chair classic\"}}]"}}, {"model": "admin.logentry", "pk": 9, "fields": {"action_time": "2022-06-25T13:47:05.596Z", "user": 1, "content_type": 7, "object_id": "2", "object_repr": "Table", "action_flag": 1, "change_message": "[{\"added\": {}}]"}}, {"model": "admin.logentry", "pk": 10, "fields": {"action_time": "2022-06-25T13:47:48.473Z", "user": 1, "content_type": 7, "object_id": "3", "object_repr": "Wardrobe", "action_flag": 1, "change_message": "[{\"added\": {}}]"}}, {"model": "admin.logentry", "pk": 11, "fields": {"action_time": "2022-06-25T13:48:11.501Z", "user": 1, "content_type": 7, "object_id": "4", "object_repr": "Lamp", "action_flag": 1, "change_message": "[{\"added\": {}}]"}}, {"model": "admin.logentry", "pk": 12, "fields": {"action_time": "2022-06-25T13:48:21.242Z", "user": 1, "content_type": 7, "object_id": "5", "object_repr": "Sofa", "action_flag": 1, "change_message": "[{\"added\": {}}]"}}, {"model": "admin.logentry", "pk": 13, "fields": {"action_time": "2022-06-25T13:52:29.982Z", "user": 1, "content_type": 7, "object_id": "6", "object_repr": "Book set", "action_flag": 1, "change_message": "[{\"added\": {}}]"}}, {"model": "admin.logentry", "pk": 14, "fields": {"action_time": "2022-06-25T13:52:46.266Z", "user": 1, "content_type": 7, "object_id": "7", "object_repr": "Kids book", "action_flag": 1, "change_message": "[{\"added\": {}}]"}}, {"model": "admin.logentry", "pk": 15, "fields": {"action_time": "2022-06-25T13:52:54.026Z", "user": 1, "content_type": 7, "object_id": "8", "object_repr": "Copybook", "action_flag": 1, "change_message": "[{\"added\": {}}]"}}, {"model": "admin.logentry", "pk": 16, "fields": {"action_time": "2022-06-25T13:53:09.455Z", "user": 1, "content_type": 7, "object_id": "9", "object_repr": "TV set", "action_flag": 1, "change_message": "[{\"added\": {}}]"}}, {"model": "admin.logentry", "pk": 17, "fields": {"action_time": "2022-06-25T13:53:13.662Z", "user": 1, "content_type": 7, "object_id": "10", "object_repr": "Phone", "action_flag": 1, "change_message": "[{\"added\": {}}]"}}, {"model": "admin.logentry", "pk": 18, "fields": {"action_time": "2022-06-25T13:53:18.508Z", "user": 1, "content_type": 7, "object_id": "11", "object_repr": "Speakers", "action_flag": 1, "change_message": "[{\"added\": {}}]"}}, {"model": "admin.logentry", "pk": 19, "fields": {"action_time": "2022-06-25T13:53:38.969Z", "user": 1, "content_type": 7, "object_id": "12", "object_repr": "Highheels", "action_flag": 1, "change_message": "[{\"added\": {}}]"}}, {"model": "admin.logentry", "pk": 20, "fields": {"action_time": "2022-06-25T13:53:45.836Z", "user": 1, "content_type": 7, "object_id": "13", "object_repr": "Classic", "action_flag": 1, "change_message": "[{\"added\": {}}]"}}, {"model": "admin.logentry", "pk": 21, "fields": {"action_time": "2022-06-25T13:54:08.490Z", "user": 1, "content_type": 7, "object_id": "14", "object_repr": "Sneakers", "action_flag": 1, "change_message": "[{\"added\": {}}]"}}, {"model": "admin.logentry", "pk": 22, "fields": {"action_time": "2022-06-25T13:57:17.883Z", "user": 1, "content_type": 6, "object_id": "2", "object_repr": "Chair classic", "action_flag": 2, "change_message": "[{\"changed\": {\"fields\": [\"Slug\", \"Item image\"]}}]"}}, {"model": "admin.logentry", "pk": 23, "fields": {"action_time": "2022-06-25T13:57:40.817Z", "user": 1, "content_type": 6, "object_id": "2", "object_repr": "Chair classic", "action_flag": 2, "change_message": "[{\"changed\": {\"fields\": [\"Item image\"]}}]"}}, {"model": "admin.logentry", "pk": 24, "fields": {"action_time": "2022-06-25T13:57:49.286Z", "user": 1, "content_type": 6, "object_id": "1", "object_repr": "Chair yellow", "action_flag": 2, "change_message": "[{\"changed\": {\"fields\": [\"Slug\", \"Item image\"]}}]"}}, {"model": "admin.logentry", "pk": 25, "fields": {"action_time": "2022-06-25T14:07:40.158Z", "user": 1, "content_type": 8, "object_id": "1", "object_repr": "Bookshop", "action_flag": 2, "change_message": "[{\"changed\": {\"fields\": [\"Shop avatar\"]}}]"}}, {"model": "admin.logentry", "pk": 26, "fields": {"action_time": "2022-06-25T14:07:54.374Z", "user": 1, "content_type": 8, "object_id": "3", "object_repr": "Furniture", "action_flag": 2, "change_message": "[{\"changed\": {\"fields\": [\"Shop avatar\"]}}]"}}, {"model": "admin.logentry", "pk": 27, "fields": {"action_time": "2022-06-25T14:08:09.721Z", "user": 1, "content_type": 8, "object_id": "3", "object_repr": "Furniture", "action_flag": 2, "change_message": "[{\"changed\": {\"fields\": [\"Shop avatar\"]}}]"}}, {"model": "admin.logentry", "pk": 28, "fields": {"action_time": "2022-06-25T14:08:45.903Z", "user": 1, "content_type": 9, "object_id": "1", "object_repr": "Modern City Wood", "action_flag": 2, "change_message": "[{\"changed\": {\"fields\": [\"Shop avatar\"]}}]"}}, {"model": "admin.logentry", "pk": 29, "fields": {"action_time": "2022-06-25T14:12:19.168Z", "user": 1, "content_type": 9, "object_id": "1", "object_repr": "Modern City Wood", "action_flag": 2, "change_message": "[{\"changed\": {\"fields\": [\"Shop avatar\"]}}]"}}, {"model": "admin.logentry", "pk": 30, "fields": {"action_time": "2022-06-25T15:17:37.307Z", "user": 1, "content_type": 9, "object_id": "2", "object_repr": "Haff", "action_flag": 1, "change_message": "[{\"added\": {}}, {\"added\": {\"name\": \"item\", \"object\": \"Tabouret\"}}, {\"added\": {\"name\": \"item\", \"object\": \"Tabouret\"}}, {\"added\": {\"name\": \"item\", \"object\": \"Rococo chair\"}}, {\"added\": {\"name\": \"item\", \"object\": \"Lamp table\"}}, {\"added\": {\"name\": \"item\", \"object\": \"Red sofa\"}}, {\"added\": {\"name\": \"item\", \"object\": \"Green lux sofa\"}}, {\"added\": {\"name\": \"item\", \"object\": \"Wardrobe pink\"}}, {\"added\": {\"name\": \"item\", \"object\": \"Wardrobe grey\"}}]"}}, {"model": "admin.logentry", "pk": 31, "fields": {"action_time": "2022-06-25T15:22:28.826Z", "user": 1, "content_type": 9, "object_id": "3", "object_repr": "NIKEA", "action_flag": 1, "change_message": "[{\"added\": {}}, {\"added\": {\"name\": \"item\", \"object\": \"Table wood\"}}, {\"added\": {\"name\": \"item\", \"object\": \"Tabouret wood\"}}, {\"added\": {\"name\": \"item\", \"object\": \"Wardrobe grey\"}}, {\"added\": {\"name\": \"item\", \"object\": \"Floor lamp\"}}, {\"added\": {\"name\": \"item\", \"object\": \"Sofa grey\"}}, {\"added\": {\"name\": \"item\", \"object\": \"Table\"}}, {\"added\": {\"name\": \"item\", \"object\": \"Small lamp\"}}]"}}, {"model": "admin.logentry", "pk": 32, "fields": {"action_time": "2022-06-25T15:27:31.436Z", "user": 1, "content_type": 9, "object_id": "4", "object_repr": "Mebel", "action_flag": 1, "change_message": "[{\"added\": {}}, {\"added\": {\"name\": \"item\", \"object\": \"Chair for duke\"}}, {\"added\": {\"name\": \"item\", \"object\": \"Goldish  sofa\"}}, {\"added\": {\"name\": \"item\", \"object\": \"Princes lamp\"}}, {\"added\": {\"name\": \"item\", \"object\": \"Queen table\"}}, {\"added\": {\"name\": \"item\", \"object\": \"White lamp\"}}, {\"added\": {\"name\": \"item\", \"object\": \"Bed\"}}]"}}, {"model": "admin.logentry", "pk": 33, "fields": {"action_time": "2022-06-25T15:31:29.028Z", "user": 1, "content_type": 9, "object_id": "5", "object_repr": "Little books", "action_flag": 1, "change_message": "[{\"added\": {}}, {\"added\": {\"name\": \"item\", \"object\": \"My first book\"}}, {\"added\": {\"name\": \"item\", \"object\": \"Kid stories book\"}}, {\"added\": {\"name\": \"item\", \"object\": \"Copybook\"}}, {\"added\": {\"name\": \"item\", \"object\": \"Funny copybook\"}}, {\"added\": {\"name\": \"item\", \"object\": \"Fairytale books\"}}]"}}, {"model": "admin.logentry", "pk": 34, "fields": {"action_time": "2022-06-25T15:32:01.003Z", "user": 1, "content_type": 9, "object_id": "2", "object_repr": "Haff", "action_flag": 2, "change_message": "[{\"changed\": {\"fields\": [\"Category\"]}}]"}}, {"model": "admin.logentry", "pk": 35, "fields": {"action_time": "2022-06-25T15:32:12.554Z", "user": 1, "content_type": 9, "object_id": "3", "object_repr": "NIKEA", "action_flag": 2, "change_message": "[{\"changed\": {\"fields\": [\"Category\"]}}]"}}, {"model": "admin.logentry", "pk": 36, "fields": {"action_time": "2022-06-25T15:33:39.113Z", "user": 1, "content_type": 9, "object_id": "6", "object_repr": "VIP Stool", "action_flag": 1, "change_message": "[{\"added\": {}}]"}}, {"model": "admin.logentry", "pk": 37, "fields": {"action_time": "2022-06-25T15:39:06.718Z", "user": 1, "content_type": 6, "object_id": "26", "object_repr": "Copybook", "action_flag": 2, "change_message": "[{\"changed\": {\"fields\": [\"Slug\"]}}]"}}, {"model": "admin.logentry", "pk": 38, "fields": {"action_time": "2022-06-25T15:45:24.310Z", "user": 1, "content_type": 9, "object_id": "6", "object_repr": "VIP Stool", "action_flag": 3, "change_message": ""}}, {"model": "admin.logentry", "pk": 39, "fields": {"action_time": "2022-06-25T15:49:02.466Z", "user": 1, "content_type": 9, "object_id": "7", "object_repr": "University bookshop", "action_flag": 1, "change_message": "[{\"added\": {}}, {\"added\": {\"name\": \"item\", \"object\": \"Classic set\"}}, {\"added\": {\"name\": \"item\", \"object\": \"Book set 2.0\"}}, {\"added\": {\"name\": \"item\", \"object\": \"Smart book\"}}, {\"added\": {\"name\": \"item\", \"object\": \"Book set 3.0\"}}]"}}, {"model": "admin.logentry", "pk": 40, "fields": {"action_time": "2022-06-25T15:49:36.231Z", "user": 1, "content_type": 9, "object_id": "7", "object_repr": "University bookshop", "action_flag": 2, "change_message": "[]"}}, {"model": "admin.logentry", "pk": 41, "fields": {"action_time": "2022-06-25T15:53:05.619Z", "user": 1, "content_type": 9, "object_id": "8", "object_repr": "Shopwill", "action_flag": 1, "change_message": "[{\"added\": {}}, {\"added\": {\"name\": \"item\", \"object\": \"Classic set\"}}, {\"added\": {\"name\": \"item\", \"object\": \"Book set 2.0\"}}, {\"added\": {\"name\": \"item\", \"object\": \"White books\"}}, {\"added\": {\"name\": \"item\", \"object\": \"Book big brown\"}}, {\"added\": {\"name\": \"item\", \"object\": \"History book\"}}, {\"added\": {\"name\": \"item\", \"object\": \"Funny copybook set\"}}]"}}, {"model": "admin.logentry", "pk": 42, "fields": {"action_time": "2022-06-25T15:59:21.546Z", "user": 1, "content_type": 7, "object_id": "15", "object_repr": "Shoes classic", "action_flag": 1, "change_message": "[{\"added\": {}}]"}}, {"model": "admin.logentry", "pk": 43, "fields": {"action_time": "2022-06-25T16:00:32.716Z", "user": 1, "content_type": 9, "object_id": "9", "object_repr": "Shoeswill", "action_flag": 1, "change_message": "[{\"added\": {}}]"}}, {"model": "admin.logentry", "pk": 44, "fields": {"action_time": "2022-06-25T16:00:58.144Z", "user": 1, "content_type": 9, "object_id": "9", "object_repr": "Shoeswill", "action_flag": 2, "change_message": "[{\"changed\": {\"fields\": [\"Shop avatar\"]}}]"}}, {"model": "admin.logentry", "pk": 45, "fields": {"action_time": "2022-06-25T16:01:15.081Z", "user": 1, "content_type": 7, "object_id": "16", "object_repr": "Highheel", "action_flag": 1, "change_message": "[{\"added\": {}}]"}}, {"model": "admin.logentry", "pk": 46, "fields": {"action_time": "2022-06-25T16:04:09.316Z", "user": 1, "content_type": 9, "object_id": "9", "object_repr": "Shoeswill", "action_flag": 2, "change_message": "[{\"added\": {\"name\": \"item\", \"object\": \"Classic male shoes\"}}, {\"added\": {\"name\": \"item\", \"object\": \"Black shoes\"}}, {\"added\": {\"name\": \"item\", \"object\": \"High heel  shoes\"}}, {\"added\": {\"name\": \"item\", \"object\": \"High heel  pink\"}}, {\"added\": {\"name\": \"item\", \"object\": \"Boots\"}}]"}}, {"model": "admin.logentry", "pk": 47, "fields": {"action_time": "2022-06-25T16:04:37.659Z", "user": 1, "content_type": 7, "object_id": "16", "object_repr": "Highheel", "action_flag": 3, "change_message": ""}}, {"model": "admin.logentry", "pk": 48, "fields": {"action_time": "2022-06-25T16:08:14.722Z", "user": 1, "content_type": 9, "object_id": "10", "object_repr": "The kingdom of the shoes", "action_flag": 1, "change_message": "[{\"added\": {}}, {\"added\": {\"name\": \"item\", \"object\": \"Reddish boots\"}}, {\"added\": {\"name\": \"item\", \"object\": \"Sneakers colored\"}}, {\"added\": {\"name\": \"item\", \"object\": \"Football boots\"}}, {\"added\": {\"name\": \"item\", \"object\": \"Red sneakers\"}}, {\"added\": {\"name\": \"item\", \"object\": \"Everyday shoes\"}}]"}}, {"model": "admin.logentry", "pk": 49, "fields": {"action_time": "2022-06-25T16:15:39.410Z", "user": 1, "content_type": 9, "object_id": "11", "object_repr": "Shoe&Shoe", "action_flag": 1, "change_message": "[{\"added\": {}}, {\"added\": {\"name\": \"item\", \"object\": \"Black\"}}, {\"added\": {\"name\": \"item\", \"object\": \"High heel pink\"}}, {\"added\": {\"name\": \"item\", \"object\": \"Fuxy HH\"}}, {\"added\": {\"name\": \"item\", \"object\": \"Classic black shoes\"}}, {\"added\": {\"name\": \"item\", \"object\": \"Classic black shoes 2.0\"}}]"}}, {"model": "admin.logentry", "pk": 50, "fields": {"action_time": "2022-06-25T16:22:57.122Z", "user": 1, "content_type": 9, "object_id": "12", "object_repr": "Shoes Planet", "action_flag": 1, "change_message": "[{\"added\": {}}, {\"added\": {\"name\": \"item\", \"object\": \"Fuxy HH\"}}, {\"added\": {\"name\": \"item\", \"object\": \"Black widow\"}}, {\"added\": {\"name\": \"item\", \"object\": \"Princes shoes\"}}, {\"added\": {\"name\": \"item\", \"object\": \"Sneakers colored\"}}, {\"added\": {\"name\": \"item\", \"object\": \"Everyday shoes\"}}, {\"added\": {\"name\": \"item\", \"object\": \"Funny shoes\"}}, {\"added\": {\"name\": \"item\", \"object\": \"Reddish shoes\"}}]"}}, {"model": "admin.logentry", "pk": 51, "fields": {"action_time": "2022-06-25T16:34:17.316Z", "user": 1, "content_type": 9, "object_id": "13", "object_repr": "SSShoes...", "action_flag": 1, "change_message": "[{\"added\": {}}, {\"added\": {\"name\": \"item\", \"object\": \"Princes shoes\"}}, {\"added\": {\"name\": \"item\", \"object\": \"Funny shoes\"}}]"}}, {"model": "admin.logentry", "pk": 52, "fields": {"action_time": "2022-06-25T16:37:55.374Z", "user": 1, "content_type": 9, "object_id": "13", "object_repr": "SSShoes...", "action_flag": 2, "change_message": "[{\"changed\": {\"fields\": [\"Shop description\"]}}, {\"added\": {\"name\": \"item\", \"object\": \"Classic black shoes 2.0\"}}, {\"added\": {\"name\": \"item\", \"object\": \"High heel shoes\"}}, {\"added\": {\"name\": \"item\", \"object\": \"Fuxy HH\"}}, {\"added\": {\"name\": \"item\", \"object\": \"Boots\"}}, {\"added\": {\"name\": \"item\", \"object\": \"Red sneakers\"}}]"}}, {"model": "admin.logentry", "pk": 53, "fields": {"action_time": "2022-06-25T16:44:58.720Z", "user": 1, "content_type": 7, "object_id": "17", "object_repr": "Coffee maker", "action_flag": 1, "change_message": "[{\"added\": {}}]"}}, {"model": "admin.logentry", "pk": 54, "fields": {"action_time": "2022-06-25T16:45:13.987Z", "user": 1, "content_type": 9, "object_id": "14", "object_repr": "N Video", "action_flag": 1, "change_message": "[{\"added\": {}}, {\"added\": {\"name\": \"item\", \"object\": \"Coffee maker h-234\"}}]"}}, {"model": "admin.logentry", "pk": 55, "fields": {"action_time": "2022-06-25T16:47:53.777Z", "user": 1, "content_type": 7, "object_id": "18", "object_repr": "Wash machine", "action_flag": 1, "change_message": "[{\"added\": {}}]"}}, {"model": "admin.logentry", "pk": 56, "fields": {"action_time": "2022-06-25T16:48:24.872Z", "user": 1, "content_type": 9, "object_id": "14", "object_repr": "N Video", "action_flag": 2, "change_message": "[{\"added\": {\"name\": \"item\", \"object\": \"Coffee maker h-200\"}}, {\"added\": {\"name\": \"item\", \"object\": \"Coffee maker vh-5600\"}}, {\"added\": {\"name\": \"item\", \"object\": \"Wash Machine s-9000\"}}]"}}, {"model": "admin.logentry", "pk": 57, "fields": {"action_time": "2022-06-25T16:48:57.740Z", "user": 1, "content_type": 7, "object_id": "19", "object_repr": "Vacuum cleaner", "action_flag": 1, "change_message": "[{\"added\": {}}]"}}, {"model": "admin.logentry", "pk": 58, "fields": {"action_time": "2022-06-25T16:50:47.884Z", "user": 1, "content_type": 9, "object_id": "14", "object_repr": "N Video", "action_flag": 2, "change_message": "[{\"added\": {\"name\": \"item\", \"object\": \"Wash Machine A-2300\"}}, {\"added\": {\"name\": \"item\", \"object\": \"Wash Machine VHR\"}}, {\"added\": {\"name\": \"item\", \"object\": \"Wash Machine q-90\"}}]"}}, {"model": "admin.logentry", "pk": 59, "fields": {"action_time": "2022-06-25T16:52:33.386Z", "user": 1, "content_type": 9, "object_id": "14", "object_repr": "N Video", "action_flag": 2, "change_message": "[{\"added\": {\"name\": \"item\", \"object\": \"TV lux\"}}, {\"added\": {\"name\": \"item\", \"object\": \"TV 2.0\"}}]"}}, {"model": "admin.logentry", "pk": 60, "fields": {"action_time": "2022-06-25T16:56:34.666Z", "user": 1, "content_type": 9, "object_id": "15", "object_repr": "El_burrito", "action_flag": 1, "change_message": "[{\"added\": {}}, {\"added\": {\"name\": \"item\", \"object\": \"Coffee maker h-234\"}}, {\"added\": {\"name\": \"item\", \"object\": \"Coffee maker h-200\"}}, {\"added\": {\"name\": \"item\", \"object\": \"Coffee maker vh-5600\"}}, {\"added\": {\"name\": \"item\", \"object\": \"Wash Machine A-2300\"}}, {\"added\": {\"name\": \"item\", \"object\": \"Wash Machine VHR\"}}]"}}, {"model": "admin.logentry", "pk": 61, "fields": {"action_time": "2022-06-25T17:08:04.993Z", "user": 1, "content_type": 9, "object_id": "16", "object_repr": "Technology Inc", "action_flag": 1, "change_message": "[{\"added\": {}}, {\"added\": {\"name\": \"item\", \"object\": \"Wash Machine VHR\"}}, {\"added\": {\"name\": \"item\", \"object\": \"TV lux\"}}, {\"added\": {\"name\": \"item\", \"object\": \"Coffee maker h-234\"}}, {\"added\": {\"name\": \"item\", \"object\": \"Wash Machine s-9000\"}}]"}}, {"model": "admin.logentry", "pk": 62, "fields": {"action_time": "2022-06-25T17:12:28.920Z", "user": 1, "content_type": 9, "object_id": "17", "object_repr": "Wally shop", "action_flag": 1, "change_message": "[{\"added\": {}}, {\"added\": {\"name\": \"item\", \"object\": \"Wash Machine s-9000\"}}, {\"added\": {\"name\": \"item\", \"object\": \"Wash Machine q-90\"}}, {\"added\": {\"name\": \"item\", \"object\": \"Coffee maker h-234\"}}, {\"added\": {\"name\": \"item\", \"object\": \"TV 2.0\"}}, {\"added\": {\"name\": \"item\", \"object\": \"TV  1000\"}}, {\"added\": {\"name\": \"item\", \"object\": \"TV  NG 2.0\"}}]"}}, {"model": "admin.logentry", "pk": 63, "fields": {"action_time": "2022-06-25T18:52:06.247Z", "user": 1, "content_type": 3, "object_id": "12", "object_repr": "Oliver_12", "action_flag": 2, "change_message": "[{\"changed\": {\"fields\": [\"Staff status\", \"Superuser status\"]}}]"}}, {"model": "admin.logentry", "pk": 64, "fields": {"action_time": "2022-06-25T18:53:18.565Z", "user": 1, "content_type": 2, "object_id": "1", "object_repr": "verified user", "action_flag": 1, "change_message": "[{\"added\": {}}]"}}, {"model": "admin.logentry", "pk": 65, "fields": {"action_time": "2022-06-25T19:30:36.610Z", "user": 1, "content_type": 2, "object_id": "1", "object_repr": "verified user", "action_flag": 2, "change_message": "[{\"changed\": {\"fields\": [\"Permissions\"]}}]"}}, {"model": "admin.logentry", "pk": 66, "fields": {"action_time": "2022-06-25T19:39:28.025Z", "user": 1, "content_type": 2, "object_id": "1", "object_repr": "verified", "action_flag": 2, "change_message": "[{\"changed\": {\"fields\": [\"Name\"]}}]"}}, {"model": "admin.logentry", "pk": 67, "fields": {"action_time": "2022-06-25T19:42:40.870Z", "user": 1, "content_type": 3, "object_id": "2", "object_repr": "Anna_123", "action_flag": 2, "change_message": "[{\"changed\": {\"fields\": [\"Groups\"]}}]"}}, {"model": "admin.logentry", "pk": 68, "fields": {"action_time": "2022-06-25T19:42:58.015Z", "user": 1, "content_type": 5, "object_id": "8", "object_repr": "Anna_123", "action_flag": 2, "change_message": "[{\"changed\": {\"fields\": [\"Verified user\"]}}]"}}, {"model": "admin.logentry", "pk": 69, "fields": {"action_time": "2022-06-25T20:08:40.177Z", "user": 1, "content_type": 3, "object_id": "2", "object_repr": "Anna_123", "action_flag": 3, "change_message": ""}}, {"model": "admin.logentry", "pk": 70, "fields": {"action_time": "2022-06-25T20:08:40.193Z", "user": 1, "content_type": 3, "object_id": "3", "object_repr": "Oliver_86", "action_flag": 3, "change_message": ""}}, {"model": "admin.logentry", "pk": 71, "fields": {"action_time": "2022-06-25T20:08:40.209Z", "user": 1, "content_type": 3, "object_id": "4", "object_repr": "Sopie90", "action_flag": 3, "change_message": ""}}, {"model": "admin.logentry", "pk": 72, "fields": {"action_time": "2022-06-25T20:08:59.549Z", "user": 1, "content_type": 3, "object_id": "5", "object_repr": "Oliver_86", "action_flag": 2, "change_message": "[{\"changed\": {\"fields\": [\"Username\"]}}]"}}, {"model": "admin.logentry", "pk": 73, "fields": {"action_time": "2022-06-25T20:53:09.034Z", "user": 1, "content_type": 2, "object_id": "1", "object_repr": "verified", "action_flag": 2, "change_message": "[]"}}, {"model": "admin.logentry", "pk": 74, "fields": {"action_time": "2022-06-25T20:54:11.526Z", "user": 1, "content_type": 3, "object_id": "6", "object_repr": "Sophie90", "action_flag": 2, "change_message": "[{\"changed\": {\"fields\": [\"User permissions\"]}}]"}}, {"model": "admin.logentry", "pk": 75, "fields": {"action_time": "2022-06-26T09:34:08.066Z", "user": 1, "content_type": 3, "object_id": "8", "object_repr": "222", "action_flag": 3, "change_message": ""}}, {"model": "admin.logentry", "pk": 76, "fields": {"action_time": "2022-06-26T09:34:08.096Z", "user": 1, "content_type": 3, "object_id": "7", "object_repr": "Alex_98", "action_flag": 3, "change_message": ""}}, {"model": "auth.permission", "pk": 1, "fields": {"name": "Can add permission", "content_type": 1, "codename": "add_permission"}}, {"model": "auth.permission", "pk": 2, "fields": {"name": "Can change permission", "content_type": 1, "codename": "change_permission"}}, {"model": "auth.permission", "pk": 3, "fields": {"name": "Can delete permission", "content_type": 1, "codename": "delete_permission"}}, {"model": "auth.permission", "pk": 4, "fields": {"name": "Can view permission", "content_type": 1, "codename": "view_permission"}}, {"model": "auth.permission", "pk": 5, "fields": {"name": "Can add group", "content_type": 2, "codename": "add_group"}}, {"model": "auth.permission", "pk": 6, "fields": {"name": "Can change group", "content_type": 2, "codename": "change_group"}}, {"model": "auth.permission", "pk": 7, "fields": {"name": "Can delete group", "content_type": 2, "codename": "delete_group"}}, {"model": "auth.permission", "pk": 8, "fields": {"name": "Can view group", "content_type": 2, "codename": "view_group"}}, {"model": "auth.permission", "pk": 9, "fields": {"name": "Can add user", "content_type": 3, "codename": "add_user"}}, {"model": "auth.permission", "pk": 10, "fields": {"name": "Can change user", "content_type": 3, "codename": "change_user"}}, {"model": "auth.permission", "pk": 11, "fields": {"name": "Can delete user", "content_type": 3, "codename": "delete_user"}}, {"model": "auth.permission", "pk": 12, "fields": {"name": "Can view user", "content_type": 3, "codename": "view_user"}}, {"model": "auth.permission", "pk": 13, "fields": {"name": "Can add content type", "content_type": 4, "codename": "add_contenttype"}}, {"model": "auth.permission", "pk": 14, "fields": {"name": "Can change content type", "content_type": 4, "codename": "change_contenttype"}}, {"model": "auth.permission", "pk": 15, "fields": {"name": "Can delete content type", "content_type": 4, "codename": "delete_contenttype"}}, {"model": "auth.permission", "pk": 16, "fields": {"name": "Can view content type", "content_type": 4, "codename": "view_contenttype"}}, {"model": "auth.permission", "pk": 17, "fields": {"name": "Can add profile", "content_type": 5, "codename": "add_profile"}}, {"model": "auth.permission", "pk": 18, "fields": {"name": "Can change profile", "content_type": 5, "codename": "change_profile"}}, {"model": "auth.permission", "pk": 19, "fields": {"name": "Can delete profile", "content_type": 5, "codename": "delete_profile"}}, {"model": "auth.permission", "pk": 20, "fields": {"name": "Can view profile", "content_type": 5, "codename": "view_profile"}}, {"model": "auth.permission", "pk": 21, "fields": {"name": "Can add item", "content_type": 6, "codename": "add_item"}}, {"model": "auth.permission", "pk": 22, "fields": {"name": "Can change item", "content_type": 6, "codename": "change_item"}}, {"model": "auth.permission", "pk": 23, "fields": {"name": "Can delete item", "content_type": 6, "codename": "delete_item"}}, {"model": "auth.permission", "pk": 24, "fields": {"name": "Can view item", "content_type": 6, "codename": "view_item"}}, {"model": "auth.permission", "pk": 25, "fields": {"name": "Can add Item category", "content_type": 7, "codename": "add_itemcategory"}}, {"model": "auth.permission", "pk": 26, "fields": {"name": "Can change Item category", "content_type": 7, "codename": "change_itemcategory"}}, {"model": "auth.permission", "pk": 27, "fields": {"name": "Can delete Item category", "content_type": 7, "codename": "delete_itemcategory"}}, {"model": "auth.permission", "pk": 28, "fields": {"name": "Can view Item category", "content_type": 7, "codename": "view_itemcategory"}}, {"model": "auth.permission", "pk": 29, "fields": {"name": "Can add Shop category", "content_type": 8, "codename": "add_shopcategory"}}, {"model": "auth.permission", "pk": 30, "fields": {"name": "Can change Shop category", "content_type": 8, "codename": "change_shopcategory"}}, {"model": "auth.permission", "pk": 31, "fields": {"name": "Can delete Shop category", "content_type": 8, "codename": "delete_shopcategory"}}, {"model": "auth.permission", "pk": 32, "fields": {"name": "Can view Shop category", "content_type": 8, "codename": "view_shopcategory"}}, {"model": "auth.permission", "pk": 33, "fields": {"name": "Can add Shop", "content_type": 9, "codename": "add_shop"}}, {"model": "auth.permission", "pk": 34, "fields": {"name": "Can change Shop", "content_type": 9, "codename": "change_shop"}}, {"model": "auth.permission", "pk": 35, "fields": {"name": "Can delete Shop", "content_type": 9, "codename": "delete_shop"}}, {"model": "auth.permission", "pk": 36, "fields": {"name": "Can view Shop", "content_type": 9, "codename": "view_shop"}}, {"model": "auth.permission", "pk": 37, "fields": {"name": "Can add Sale report", "content_type": 10, "codename": "add_repostlist"}}, {"model": "auth.permission", "pk": 38, "fields": {"name": "Can change Sale report", "content_type": 10, "codename": "change_repostlist"}}, {"model": "auth.permission", "pk": 39, "fields": {"name": "Can delete Sale report", "content_type": 10, "codename": "delete_repostlist"}}, {"model": "auth.permission", "pk": 40, "fields": {"name": "Can view Sale report", "content_type": 10, "codename": "view_repostlist"}}, {"model": "auth.permission", "pk": 41, "fields": {"name": "Can add Товар в заказе", "content_type": 11, "codename": "add_orderitem"}}, {"model": "auth.permission", "pk": 42, "fields": {"name": "Can change Товар в заказе", "content_type": 11, "codename": "change_orderitem"}}, {"model": "auth.permission", "pk": 43, "fields": {"name": "Can delete Товар в заказе", "content_type": 11, "codename": "delete_orderitem"}}, {"model": "auth.permission", "pk": 44, "fields": {"name": "Can view Товар в заказе", "content_type": 11, "codename": "view_orderitem"}}, {"model": "auth.permission", "pk": 45, "fields": {"name": "Can add Заказ", "content_type": 12, "codename": "add_order"}}, {"model": "auth.permission", "pk": 46, "fields": {"name": "Can change Заказ", "content_type": 12, "codename": "change_order"}}, {"model": "auth.permission", "pk": 47, "fields": {"name": "Can delete Заказ", "content_type": 12, "codename": "delete_order"}}, {"model": "auth.permission", "pk": 48, "fields": {"name": "Can view Заказ", "content_type": 12, "codename": "view_order"}}, {"model": "auth.permission", "pk": 49, "fields": {"name": "Can add log entry", "content_type": 13, "codename": "add_logentry"}}, {"model": "auth.permission", "pk": 50, "fields": {"name": "Can change log entry", "content_type": 13, "codename": "change_logentry"}}, {"model": "auth.permission", "pk": 51, "fields": {"name": "Can delete log entry", "content_type": 13, "codename": "delete_logentry"}}, {"model": "auth.permission", "pk": 52, "fields": {"name": "Can view log entry", "content_type": 13, "codename": "view_logentry"}}, {"model": "auth.permission", "pk": 53, "fields": {"name": "Can add session", "content_type": 14, "codename": "add_session"}}, {"model": "auth.permission", "pk": 54, "fields": {"name": "Can change session", "content_type": 14, "codename": "change_session"}}, {"model": "auth.permission", "pk": 55, "fields": {"name": "Can delete session", "content_type": 14, "codename": "delete_session"}}, {"model": "auth.permission", "pk": 56, "fields": {"name": "Can view session", "content_type": 14, "codename": "view_session"}}, {"model": "auth.group", "pk": 1, "fields": {"name": "verified", "permissions": [45, 46, 47, 48, 41, 42, 43, 44, 21, 22, 23, 24, 25, 26, 27, 28, 37, 38, 39, 40, 33, 34, 35, 36, 29, 30, 31, 32, 17, 18, 19, 20, 9, 10, 12]}}, {"model": "auth.user", "pk": 1, "fields": {"password": "pbkdf2_sha256$320000$z9Q1VCN5GyiBCntvAGlALP$vqsUfpsIxymJ6+HiFUb2d/P/a9KBio6yEYVnUt+Dwjw=", "last_login": "2022-06-26T09:33:44.080Z", "is_superuser": true, "username": "admin", "first_name": "", "last_name": "", "email": "", "is_staff": true, "is_active": true, "date_joined": "2022-06-25T13:23:26.341Z", "groups": [], "user_permissions": []}}, {"model": "auth.user", "pk": 5, "fields": {"password": "pbkdf2_sha256$320000$zNlfEi49RbadtO952MIkXy$vz+2bAykQ4u3Qpn5dRJHtC4t19VxNSFtBXYUjokVqcQ=", "last_login": "2022-06-25T20:04:51Z", "is_superuser": false, "username": "Oliver_86", "first_name": "Oliver", "last_name": "Bell", "email": "", "is_staff": false, "is_active": true, "date_joined": "2022-06-25T20:01:02Z", "groups": [1], "user_permissions": []}}, {"model": "auth.user", "pk": 6, "fields": {"password": "pbkdf2_sha256$320000$DYwoHt2bUo0M4unEtuPo7W$rbFKmn1lUzaDwgR6XdTq7HHgv5C3XvtkVJT6HTPy6wE=", "last_login": "2022-06-26T10:05:14.612Z", "is_superuser": false, "username": "Sophie90", "first_name": "Sophie", "last_name": "Burton", "email": "", "is_staff": false, "is_active": true, "date_joined": "2022-06-25T20:09:53Z", "groups": [1], "user_permissions": [45, 46, 47, 48]}}, {"model": "contenttypes.contenttype", "pk": 1, "fields": {"app_label": "auth", "model": "permission"}}, {"model": "contenttypes.contenttype", "pk": 2, "fields": {"app_label": "auth", "model": "group"}}, {"model": "contenttypes.contenttype", "pk": 3, "fields": {"app_label": "auth", "model": "user"}}, {"model": "contenttypes.contenttype", "pk": 4, "fields": {"app_label": "contenttypes", "model": "contenttype"}}, {"model": "contenttypes.contenttype", "pk": 5, "fields": {"app_label": "app_users", "model": "profile"}}, {"model": "contenttypes.contenttype", "pk": 6, "fields": {"app_label": "app_shop", "model": "item"}}, {"model": "contenttypes.contenttype", "pk": 7, "fields": {"app_label": "app_shop", "model": "itemcategory"}}, {"model": "contenttypes.contenttype", "pk": 8, "fields": {"app_label": "app_shop", "model": "shopcategory"}}, {"model": "contenttypes.contenttype", "pk": 9, "fields": {"app_label": "app_shop", "model": "shop"}}, {"model": "contenttypes.contenttype", "pk": 10, "fields": {"app_label": "app_shop", "model": "repostlist"}}, {"model": "contenttypes.contenttype", "pk": 11, "fields": {"app_label": "app_order", "model": "orderitem"}}, {"model": "contenttypes.contenttype", "pk": 12, "fields": {"app_label": "app_order", "model": "order"}}, {"model": "contenttypes.contenttype", "pk": 13, "fields": {"app_label": "admin", "model": "logentry"}}, {"model": "contenttypes.contenttype", "pk": 14, "fields": {"app_label": "sessions", "model": "session"}}, {"model": "app_users.profile", "pk": 11, "fields": {"user": 5, "verified_id": true, "avatar": "profile/2022/06/26/Avatar_2_ZIwsfDo.jpg", "balance": "4500.00", "status": "bgn"}}, {"model": "app_users.profile", "pk": 12, "fields": {"user": 6, "verified_id": true, "avatar": "profile/2022/06/26/Avatar_4_Ua3hPky.png", "balance": "2789.18", "status": "bgn"}}, {"model": "app_shop.item", "pk": 1, "fields": {"name": "Chair yellow", "slug": "chair-yellow", "description": "Chair yellow", "created_at": "2022-06-25T13:45:58.788Z", "update_at": "2022-06-25T13:45:58.788Z", "image": "item_image/2022/06/25/chair_2_mbR9PMN.jpg", "price": "24.00", "discount": 4, "stock": 78, "available": true, "category": 1, "shop": 1}}, {"model": "app_shop.item", "pk": 2, "fields": {"name": "Chair classic", "slug": "chair-classic", "description": "Chair classic", "created_at": "2022-06-25T13:45:58.792Z", "update_at": "2022-06-25T13:45:58.792Z", "image": "item_image/2022/06/25/chair_4.jpg", "price": "56.00", "discount": 45, "stock": 278, "available": true, "category": 1, "shop": 1}}, {"model": "app_shop.item", "pk": 3, "fields": {"name": "Tabouret", "slug": "", "description": "Tabouret red", "created_at": "2022-06-25T15:17:36.775Z", "update_at": "2022-06-25T15:17:36.775Z", "image": "item_image/2022/06/25/Taboret_2.jpeg", "price": "19.00", "discount": 2, "stock": 343, "available": true, "category": 1, "shop": 2}}, {"model": "app_shop.item", "pk": 4, "fields": {"name": "Tabouret", "slug": "", "description": "Tabouret wood", "created_at": "2022-06-25T15:17:36.842Z", "update_at": "2022-06-25T15:17:36.842Z", "image": "item_image/2022/06/25/Taboret.jpeg", "price": "9.00", "discount": 1, "stock": 431, "available": true, "category": 1, "shop": 2}}, {"model": "app_shop.item", "pk": 5, "fields": {"name": "Rococo chair", "slug": "", "description": "Rococo chair", "created_at": "2022-06-25T15:17:36.918Z", "update_at": "2022-06-25T15:17:36.918Z", "image": "item_image/2022/06/25/chair_6.jpg", "price": "198.00", "discount": 0, "stock": 46, "available": true, "category": 1, "shop": 2}}, {"model": "app_shop.item", "pk": 6, "fields": {"name": "Lamp table", "slug": "", "description": "Lamp table", "created_at": "2022-06-25T15:17:36.985Z", "update_at": "2022-06-25T15:17:36.985Z", "image": "item_image/2022/06/25/lampa.jpg", "price": "134.00", "discount": 0, "stock": 67, "available": true, "category": 4, "shop": 2}}, {"model": "app_shop.item", "pk": 7, "fields": {"name": "Red sofa", "slug": "", "description": "Red sofa", "created_at": "2022-06-25T15:17:37.044Z", "update_at": "2022-06-25T15:17:37.044Z", "image": "item_image/2022/06/25/sofa_red.jpg", "price": "234.00", "discount": 34, "stock": 356, "available": true, "category": 5, "shop": 2}}, {"model": "app_shop.item", "pk": 8, "fields": {"name": "Green lux sofa", "slug": "", "description": "Green lux sofa", "created_at": "2022-06-25T15:17:37.134Z", "update_at": "2022-06-25T15:17:37.134Z", "image": "item_image/2022/06/25/sofa_green.jpg", "price": "343.00", "discount": 9, "stock": 87, "available": true, "category": 5, "shop": 2}}, {"model": "app_shop.item", "pk": 9, "fields": {"name": "Wardrobe pink", "slug": "", "description": "Wardrobe pink for girls", "created_at": "2022-06-25T15:17:37.192Z", "update_at": "2022-06-25T15:17:37.192Z", "image": "item_image/2022/06/25/Shkaff_2.jpg", "price": "220.00", "discount": 23, "stock": 67, "available": true, "category": 3, "shop": 2}}, {"model": "app_shop.item", "pk": 10, "fields": {"name": "Wardrobe grey", "slug": "", "description": "Wardrobe grey minimal", "created_at": "2022-06-25T15:17:37.249Z", "update_at": "2022-06-25T15:17:37.249Z", "image": "item_image/2022/06/25/Shkaff_3.jpg", "price": "180.00", "discount": 20, "stock": 230, "available": true, "category": 3, "shop": 2}}, {"model": "app_shop.item", "pk": 11, "fields": {"name": "Table wood", "slug": "", "description": "Table wood", "created_at": "2022-06-25T15:22:28.334Z", "update_at": "2022-06-25T15:22:28.334Z", "image": "item_image/2022/06/25/TAble.jpg", "price": "120.00", "discount": 30, "stock": 450, "available": true, "category": 2, "shop": 3}}, {"model": "app_shop.item", "pk": 12, "fields": {"name": "Tabouret wood", "slug": "", "description": "Tabouret wood", "created_at": "2022-06-25T15:22:28.396Z", "update_at": "2022-06-25T15:22:28.396Z", "image": "item_image/2022/06/25/Taboret_yLr1VUE.jpeg", "price": "20.00", "discount": 1, "stock": 300, "available": true, "category": 1, "shop": 3}}, {"model": "app_shop.item", "pk": 13, "fields": {"name": "Wardrobe grey", "slug": "", "description": "Wardrobe grey minimal", "created_at": "2022-06-25T15:22:28.466Z", "update_at": "2022-06-25T15:22:28.466Z", "image": "item_image/2022/06/25/Shkaff_3_zpQTy3l.jpg", "price": "199.00", "discount": 9, "stock": 209, "available": true, "category": 3, "shop": 3}}, {"model": "app_shop.item", "pk": 14, "fields": {"name": "Floor lamp", "slug": "", "description": "Floor lamp", "created_at": "2022-06-25T15:22:28.544Z", "update_at": "2022-06-25T15:22:28.544Z", "image": "item_image/2022/06/25/lampa_3.jpg", "price": "123.00", "discount": 0, "stock": 123, "available": true, "category": 4, "shop": 3}}, {"model": "app_shop.item", "pk": 15, "fields": {"name": "Sofa grey", "slug": "", "description": "Sofa grey", "created_at": "2022-06-25T15:22:28.631Z", "update_at": "2022-06-25T15:22:28.631Z", "image": "item_image/2022/06/25/sofa_grey.jpg", "price": "290.00", "discount": 0, "stock": 233, "available": true, "category": 5, "shop": 3}}, {"model": "app_shop.item", "pk": 16, "fields": {"name": "Table", "slug": "", "description": "", "created_at": "2022-06-25T15:22:28.699Z", "update_at": "2022-06-25T15:22:28.699Z", "image": "item_image/2022/06/25/TAble_3.jpg", "price": "188.00", "discount": 23, "stock": 334, "available": true, "category": 2, "shop": 3}}, {"model": "app_shop.item", "pk": 17, "fields": {"name": "Small lamp", "slug": "", "description": "Small lamp", "created_at": "2022-06-25T15:22:28.764Z", "update_at": "2022-06-25T15:22:28.764Z", "image": "item_image/2022/06/25/lampa_2.jpg", "price": "56.00", "discount": 0, "stock": 405, "available": true, "category": 4, "shop": 3}}, {"model": "app_shop.item", "pk": 18, "fields": {"name": "Chair for duke", "slug": "", "description": "Chair for duke", "created_at": "2022-06-25T15:27:31.074Z", "update_at": "2022-06-25T15:27:31.074Z", "image": "item_image/2022/06/25/chair_6_3eWQR1R.jpg", "price": "340.00", "discount": 0, "stock": 100, "available": true, "category": 1, "shop": 4}}, {"model": "app_shop.item", "pk": 19, "fields": {"name": "Goldish  sofa", "slug": "", "description": "Goldish  sofa", "created_at": "2022-06-25T15:27:31.140Z", "update_at": "2022-06-25T15:27:31.140Z", "image": "item_image/2022/06/25/sofa.jpg", "price": "450.00", "discount": 0, "stock": 199, "available": true, "category": 5, "shop": 4}}, {"model": "app_shop.item", "pk": 20, "fields": {"name": "Princes lamp", "slug": "", "description": "Princes lamp", "created_at": "2022-06-25T15:27:31.200Z", "update_at": "2022-06-25T15:27:31.200Z", "image": "item_image/2022/06/25/lampa_2_ujEUuQ4.jpg", "price": "233.00", "discount": 1, "stock": 244, "available": true, "category": 4, "shop": 4}}, {"model": "app_shop.item", "pk": 21, "fields": {"name": "Queen table", "slug": "", "description": "Queen table", "created_at": "2022-06-25T15:27:31.259Z", "update_at": "2022-06-25T15:27:31.259Z", "image": "item_image/2022/06/25/TAble_2.jpg", "price": "550.00", "discount": 0, "stock": 67, "available": true, "category": 2, "shop": 4}}, {"model": "app_shop.item", "pk": 22, "fields": {"name": "White lamp", "slug": "", "description": "White lamp", "created_at": "2022-06-25T15:27:31.317Z", "update_at": "2022-06-25T15:27:31.317Z", "image": "item_image/2022/06/25/lampa_Ga7bf2H.jpg", "price": "190.00", "discount": 2, "stock": 222, "available": true, "category": 4, "shop": 4}}, {"model": "app_shop.item", "pk": 23, "fields": {"name": "Bed", "slug": "", "description": "Bed double", "created_at": "2022-06-25T15:27:31.376Z", "update_at": "2022-06-25T15:27:31.376Z", "image": "item_image/2022/06/25/bed.jpg", "price": "367.00", "discount": 23, "stock": 177, "available": true, "category": 5, "shop": 4}}, {"model": "app_shop.item", "pk": 24, "fields": {"name": "My first book", "slug": "", "description": "My first book before 5", "created_at": "2022-06-25T15:31:28.725Z", "update_at": "2022-06-25T15:31:28.725Z", "image": "item_image/2022/06/25/book_5.jpg", "price": "22.00", "discount": 1, "stock": 345, "available": true, "category": 7, "shop": 5}}, {"model": "app_shop.item", "pk": 25, "fields": {"name": "Kid stories book", "slug": "", "description": "Kid stories book before 3", "created_at": "2022-06-25T15:31:28.786Z", "update_at": "2022-06-25T15:31:28.786Z", "image": "item_image/2022/06/25/book_6.jpg", "price": "35.00", "discount": 10, "stock": 555, "available": true, "category": 7, "shop": 5}}, {"model": "app_shop.item", "pk": 26, "fields": {"name": "Copybook", "slug": "copybook", "description": "Copybook set", "created_at": "2022-06-25T15:31:28.846Z", "update_at": "2022-06-25T15:31:28.846Z", "image": "item_image/2022/06/25/copy_book_1.jpg", "price": "19.00", "discount": 1, "stock": 77, "available": true, "category": 8, "shop": 5}}, {"model": "app_shop.item", "pk": 27, "fields": {"name": "Funny copybook", "slug": "", "description": "Funny copybook", "created_at": "2022-06-25T15:31:28.906Z", "update_at": "2022-06-25T15:31:28.907Z", "image": "item_image/2022/06/25/copy_book_3.jpg", "price": "43.00", "discount": 10, "stock": 190, "available": true, "category": 8, "shop": 5}}, {"model": "app_shop.item", "pk": 28, "fields": {"name": "Fairytale books", "slug": "", "description": "Fairytale books", "created_at": "2022-06-25T15:31:28.967Z", "update_at": "2022-06-25T15:31:28.967Z", "image": "item_image/2022/06/25/book_10.jpg", "price": "233.00", "discount": 45, "stock": 123, "available": true, "category": 6, "shop": 5}}, {"model": "app_shop.item", "pk": 29, "fields": {"name": "Classic set", "slug": "", "description": "Classic set of all authors", "created_at": "2022-06-25T15:49:02.182Z", "update_at": "2022-06-25T15:49:02.182Z", "image": "item_image/2022/06/25/book_1.jpg", "price": "230.00", "discount": 22, "stock": 100, "available": true, "category": 6, "shop": 7}}, {"model": "app_shop.item", "pk": 30, "fields": {"name": "Book set 2.0", "slug": "", "description": "Classic set of all authors secn.edt", "created_at": "2022-06-25T15:49:02.259Z", "update_at": "2022-06-25T15:49:02.259Z", "image": "item_image/2022/06/25/book_2.jpg", "price": "290.00", "discount": 44, "stock": 89, "available": true, "category": 6, "shop": 7}}, {"model": "app_shop.item", "pk": 31, "fields": {"name": "Smart book", "slug": "", "description": "Smart book", "created_at": "2022-06-25T15:49:02.323Z", "update_at": "2022-06-25T15:49:02.323Z", "image": "item_image/2022/06/25/book_9.jpg", "price": "109.00", "discount": 10, "stock": 200, "available": true, "category": 13, "shop": 7}}, {"model": "app_shop.item", "pk": 32, "fields": {"name": "Book set 3.0", "slug": "", "description": "Book set 3.0", "created_at": "2022-06-25T15:49:02.389Z", "update_at": "2022-06-25T15:49:02.389Z", "image": "item_image/2022/06/25/book_11.jpg", "price": "299.00", "discount": 0, "stock": 144, "available": true, "category": 6, "shop": 7}}, {"model": "app_shop.item", "pk": 33, "fields": {"name": "Classic set", "slug": "", "description": "Classic set", "created_at": "2022-06-25T15:53:05.191Z", "update_at": "2022-06-25T15:53:05.191Z", "image": "item_image/2022/06/25/book_1_7IUFGCr.jpg", "price": "256.00", "discount": 0, "stock": 24, "available": true, "category": 6, "shop": 8}}, {"model": "app_shop.item", "pk": 34, "fields": {"name": "Book set 2.0", "slug": "", "description": "Book set 2.0", "created_at": "2022-06-25T15:53:05.262Z", "update_at": "2022-06-25T15:53:05.262Z", "image": "item_image/2022/06/25/book_2_j774EZN.jpg", "price": "233.00", "discount": 0, "stock": 290, "available": true, "category": 6, "shop": 8}}, {"model": "app_shop.item", "pk": 35, "fields": {"name": "White books", "slug": "", "description": "White books", "created_at": "2022-06-25T15:53:05.326Z", "update_at": "2022-06-25T15:53:05.326Z", "image": "item_image/2022/06/25/book_11_SU0TlZj.jpg", "price": "201.00", "discount": 1, "stock": 200, "available": true, "category": 6, "shop": 8}}, {"model": "app_shop.item", "pk": 36, "fields": {"name": "Book big brown", "slug": "", "description": "Book big brown", "created_at": "2022-06-25T15:53:05.413Z", "update_at": "2022-06-25T15:53:05.413Z", "image": "item_image/2022/06/25/book_9_VwYeTSO.jpg", "price": "177.00", "discount": 8, "stock": 78, "available": true, "category": 13, "shop": 8}}, {"model": "app_shop.item", "pk": 37, "fields": {"name": "History book", "slug": "", "description": "History book", "created_at": "2022-06-25T15:53:05.480Z", "update_at": "2022-06-25T15:53:05.480Z", "image": "item_image/2022/06/25/book_3.jpg", "price": "300.00", "discount": 44, "stock": 39, "available": true, "category": 13, "shop": 8}}, {"model": "app_shop.item", "pk": 38, "fields": {"name": "Funny copybook set", "slug": "", "description": "Funny copybook set", "created_at": "2022-06-25T15:53:05.545Z", "update_at": "2022-06-25T15:53:05.545Z", "image": "item_image/2022/06/25/copy_book_1_97bqkUN.jpg", "price": "79.00", "discount": 0, "stock": 340, "available": true, "category": 8, "shop": 8}}, {"model": "app_shop.item", "pk": 39, "fields": {"name": "Classic male shoes", "slug": "", "description": "Classic male shoes", "created_at": "2022-06-25T16:04:08.985Z", "update_at": "2022-06-25T16:04:08.985Z", "image": "item_image/2022/06/25/shoes_1.jpg", "price": "89.00", "discount": 0, "stock": 344, "available": true, "category": 15, "shop": 9}}, {"model": "app_shop.item", "pk": 40, "fields": {"name": "Black shoes", "slug": "", "description": "Black shoes", "created_at": "2022-06-25T16:04:09.050Z", "update_at": "2022-06-25T16:04:09.050Z", "image": "item_image/2022/06/25/shoes_8.jpg", "price": "200.00", "discount": 0, "stock": 233, "available": true, "category": 15, "shop": 9}}, {"model": "app_shop.item", "pk": 41, "fields": {"name": "High heel  shoes", "slug": "", "description": "High heel  shoes", "created_at": "2022-06-25T16:04:09.116Z", "update_at": "2022-06-25T16:04:09.116Z", "image": "item_image/2022/06/25/shoes_4.jpg", "price": "198.00", "discount": 22, "stock": 90, "available": true, "category": 12, "shop": 9}}, {"model": "app_shop.item", "pk": 42, "fields": {"name": "High heel  pink", "slug": "", "description": "High heel  pink", "created_at": "2022-06-25T16:04:09.184Z", "update_at": "2022-06-25T16:04:09.184Z", "image": "item_image/2022/06/25/shoes_7.jpg", "price": "230.00", "discount": 22, "stock": 121, "available": true, "category": 12, "shop": 9}}, {"model": "app_shop.item", "pk": 43, "fields": {"name": "Boots", "slug": "", "description": "Boots", "created_at": "2022-06-25T16:04:09.252Z", "update_at": "2022-06-25T16:04:09.252Z", "image": "item_image/2022/06/25/shoes_3.jpg", "price": "90.00", "discount": 1, "stock": 190, "available": true, "category": 15, "shop": 9}}, {"model": "app_shop.item", "pk": 44, "fields": {"name": "Reddish boots", "slug": "", "description": "Reddish boots", "created_at": "2022-06-25T16:08:14.222Z", "update_at": "2022-06-25T16:08:14.222Z", "image": "item_image/2022/06/25/shoes_2.jpeg", "price": "35.00", "discount": 3, "stock": 333, "available": true, "category": 14, "shop": 10}}, {"model": "app_shop.item", "pk": 45, "fields": {"name": "Sneakers colored", "slug": "", "description": "Sneakers colored", "created_at": "2022-06-25T16:08:14.318Z", "update_at": "2022-06-25T16:08:14.318Z", "image": "item_image/2022/06/25/shoes_12.jpg", "price": "39.00", "discount": 0, "stock": 566, "available": true, "category": 14, "shop": 10}}, {"model": "app_shop.item", "pk": 46, "fields": {"name": "Football boots", "slug": "", "description": "Football boots", "created_at": "2022-06-25T16:08:14.402Z", "update_at": "2022-06-25T16:08:14.402Z", "image": "item_image/2022/06/25/shoes_10.jpg", "price": "56.00", "discount": 5, "stock": 344, "available": true, "category": 14, "shop": 10}}, {"model": "app_shop.item", "pk": 47, "fields": {"name": "Red sneakers", "slug": "", "description": "Red sneakers", "created_at": "2022-06-25T16:08:14.503Z", "update_at": "2022-06-25T16:08:14.504Z", "image": "item_image/2022/06/25/shoes_11.jpg", "price": "29.00", "discount": 0, "stock": 222, "available": true, "category": 14, "shop": 10}}, {"model": "app_shop.item", "pk": 48, "fields": {"name": "Everyday shoes", "slug": "", "description": "Everyday shoes", "created_at": "2022-06-25T16:08:14.613Z", "update_at": "2022-06-25T16:08:14.614Z", "image": "item_image/2022/06/25/shoes_5.jpg", "price": "44.00", "discount": 14, "stock": 450, "available": true, "category": 14, "shop": 10}}, {"model": "app_shop.item", "pk": 49, "fields": {"name": "Black", "slug": "", "description": "Black", "created_at": "2022-06-25T16:15:38.907Z", "update_at": "2022-06-25T16:15:38.907Z", "image": "item_image/2022/06/25/shoes_15.jpg", "price": "244.00", "discount": 44, "stock": 42, "available": true, "category": 12, "shop": 11}}, {"model": "app_shop.item", "pk": 50, "fields": {"name": "High heel pink", "slug": "", "description": "High heel pink", "created_at": "2022-06-25T16:15:39.017Z", "update_at": "2022-06-25T16:15:39.017Z", "image": "item_image/2022/06/25/shoes_7_5GAZMnC.jpg", "price": "222.00", "discount": 21, "stock": 43, "available": true, "category": 12, "shop": 11}}, {"model": "app_shop.item", "pk": 51, "fields": {"name": "Fuxy HH", "slug": "", "description": "Fuxy HH", "created_at": "2022-06-25T16:15:39.153Z", "update_at": "2022-06-25T16:15:39.153Z", "image": "item_image/2022/06/25/shoes_16.jpg", "price": "299.00", "discount": 45, "stock": 89, "available": true, "category": 12, "shop": 11}}, {"model": "app_shop.item", "pk": 52, "fields": {"name": "Classic black shoes", "slug": "", "description": "Classic black shoes", "created_at": "2022-06-25T16:15:39.240Z", "update_at": "2022-06-25T16:15:39.240Z", "image": "item_image/2022/06/25/shoes_1_uafJYU1.jpg", "price": "122.00", "discount": 22, "stock": 45, "available": true, "category": 15, "shop": 11}}, {"model": "app_shop.item", "pk": 53, "fields": {"name": "Classic black shoes 2.0", "slug": "", "description": "Classic black shoes 2.0", "created_at": "2022-06-25T16:15:39.309Z", "update_at": "2022-06-25T16:15:39.309Z", "image": "item_image/2022/06/25/shoes_8_rnIVQDP.jpg", "price": "299.00", "discount": 32, "stock": 67, "available": true, "category": 15, "shop": 11}}, {"model": "app_shop.item", "pk": 54, "fields": {"name": "Fuxy HH", "slug": "", "description": "Fuxy HH", "created_at": "2022-06-25T16:22:56.611Z", "update_at": "2022-06-25T16:22:56.611Z", "image": "item_image/2022/06/25/shoes_16_v5HLoif.jpg", "price": "240.00", "discount": 50, "stock": 23, "available": true, "category": 12, "shop": 12}}, {"model": "app_shop.item", "pk": 55, "fields": {"name": "Black widow", "slug": "", "description": "Black widow", "created_at": "2022-06-25T16:22:56.678Z", "update_at": "2022-06-25T16:22:56.678Z", "image": "item_image/2022/06/25/shoes_15_7PNun5W.jpg", "price": "299.00", "discount": 40, "stock": 34, "available": true, "category": 12, "shop": 12}}, {"model": "app_shop.item", "pk": 56, "fields": {"name": "Princes shoes", "slug": "", "description": "Princes shoes", "created_at": "2022-06-25T16:22:56.745Z", "update_at": "2022-06-25T16:22:56.745Z", "image": "item_image/2022/06/25/shoes_10_ayPefrE.jpg", "price": "188.00", "discount": 22, "stock": 43, "available": true, "category": 14, "shop": 12}}, {"model": "app_shop.item", "pk": 57, "fields": {"name": "Sneakers colored", "slug": "", "description": "Sneakers colored", "created_at": "2022-06-25T16:22:56.811Z", "update_at": "2022-06-25T16:22:56.811Z", "image": "item_image/2022/06/25/shoes_12_hyA5tPH.jpg", "price": "45.00", "discount": 0, "stock": 340, "available": true, "category": 14, "shop": 12}}, {"model": "app_shop.item", "pk": 58, "fields": {"name": "Everyday shoes", "slug": "", "description": "Everyday shoes", "created_at": "2022-06-25T16:22:56.877Z", "update_at": "2022-06-25T16:22:56.877Z", "image": "item_image/2022/06/25/shoes_5_T10k5cx.jpg", "price": "36.00", "discount": 0, "stock": 104, "available": true, "category": 14, "shop": 12}}, {"model": "app_shop.item", "pk": 59, "fields": {"name": "Funny shoes", "slug": "", "description": "Funny shoes", "created_at": "2022-06-25T16:22:56.952Z", "update_at": "2022-06-25T16:22:56.952Z", "image": "item_image/2022/06/25/shoes_9.jpg", "price": "100.00", "discount": 20, "stock": 190, "available": true, "category": 14, "shop": 12}}, {"model": "app_shop.item", "pk": 60, "fields": {"name": "Reddish shoes", "slug": "", "description": "Reddish shoes", "created_at": "2022-06-25T16:22:57.025Z", "update_at": "2022-06-25T16:22:57.025Z", "image": "item_image/2022/06/25/shoes_2_hEU3Ajn.jpeg", "price": "79.00", "discount": 0, "stock": 187, "available": true, "category": 14, "shop": 12}}, {"model": "app_shop.item", "pk": 61, "fields": {"name": "Princes shoes", "slug": "", "description": "Princes shoes", "created_at": "2022-06-25T16:34:17.197Z", "update_at": "2022-06-25T16:34:17.198Z", "image": "item_image/2022/06/25/shoes_10_hRmN9ep.jpg", "price": "120.00", "discount": 0, "stock": 50, "available": true, "category": 14, "shop": 13}}, {"model": "app_shop.item", "pk": 62, "fields": {"name": "Funny shoes", "slug": "", "description": "Funny shoes", "created_at": "2022-06-25T16:34:17.257Z", "update_at": "2022-06-25T16:34:17.257Z", "image": "item_image/2022/06/25/shoes_9_bVQbAZZ.jpg", "price": "78.00", "discount": 1, "stock": 190, "available": true, "category": 14, "shop": 13}}, {"model": "app_shop.item", "pk": 63, "fields": {"name": "Classic black shoes 2.0", "slug": "", "description": "Classic black shoes 2.0", "created_at": "2022-06-25T16:37:55.091Z", "update_at": "2022-06-25T16:37:55.091Z", "image": "item_image/2022/06/25/shoes_8_rnIVQDP.jpg", "price": "290.00", "discount": 45, "stock": 34, "available": true, "category": 15, "shop": 13}}, {"model": "app_shop.item", "pk": 64, "fields": {"name": "High heel shoes", "slug": "", "description": "High heel shoes", "created_at": "2022-06-25T16:37:55.146Z", "update_at": "2022-06-25T16:37:55.146Z", "image": "item_image/2022/06/25/shoes_4.jpg", "price": "145.00", "discount": 0, "stock": 120, "available": true, "category": 12, "shop": 13}}, {"model": "app_shop.item", "pk": 65, "fields": {"name": "Fuxy HH", "slug": "", "description": "Fuxy HH", "created_at": "2022-06-25T16:37:55.207Z", "update_at": "2022-06-25T16:37:55.207Z", "image": "item_image/2022/06/25/shoes_16_v5HLoif.jpg", "price": "200.00", "discount": 50, "stock": 80, "available": true, "category": 12, "shop": 13}}, {"model": "app_shop.item", "pk": 66, "fields": {"name": "Boots", "slug": "", "description": "Boots", "created_at": "2022-06-25T16:37:55.263Z", "update_at": "2022-06-25T16:37:55.263Z", "image": "item_image/2022/06/25/shoes_3.jpg", "price": "90.00", "discount": 0, "stock": 34, "available": true, "category": 15, "shop": 13}}, {"model": "app_shop.item", "pk": 67, "fields": {"name": "Red sneakers", "slug": "", "description": "Red sneakers", "created_at": "2022-06-25T16:37:55.318Z", "update_at": "2022-06-25T16:37:55.318Z", "image": "item_image/2022/06/25/shoes_11.jpg", "price": "34.00", "discount": 4, "stock": 43, "available": true, "category": 14, "shop": 13}}, {"model": "app_shop.item", "pk": 68, "fields": {"name": "Coffee maker h-234", "slug": "", "description": "Coffee maker h-234", "created_at": "2022-06-25T16:45:13.927Z", "update_at": "2022-06-25T16:45:13.927Z", "image": "item_image/2022/06/25/coffe_maker_1.jpeg", "price": "450.00", "discount": 3, "stock": 67, "available": true, "category": 17, "shop": 14}}, {"model": "app_shop.item", "pk": 69, "fields": {"name": "Coffee maker h-200", "slug": "", "description": "Coffee maker h-200", "created_at": "2022-06-25T16:48:24.697Z", "update_at": "2022-06-25T16:48:24.697Z", "image": "item_image/2022/06/25/coffe_maker_2.jpg", "price": "390.00", "discount": 33, "stock": 89, "available": true, "category": 17, "shop": 14}}, {"model": "app_shop.item", "pk": 70, "fields": {"name": "Coffee maker vh-5600", "slug": "Coffee-maker-vh-5600", "description": "Coffee maker vh-5600", "created_at": "2022-06-25T16:48:24.758Z", "update_at": "2022-06-25T16:48:24.758Z", "image": "item_image/2022/06/25/coffe_maker_3.jpeg", "price": "560.00", "discount": 48, "stock": 87, "available": true, "category": 17, "shop": 14}}, {"model": "app_shop.item", "pk": 71, "fields": {"name": "Wash Machine s-9000", "slug": "", "description": "Wash Machine s-9000", "created_at": "2022-06-25T16:48:24.814Z", "update_at": "2022-06-25T16:48:24.814Z", "image": "item_image/2022/06/25/wash_machine_2.jpg", "price": "1200.00", "discount": 12, "stock": 34, "available": true, "category": 18, "shop": 14}}, {"model": "app_shop.item", "pk": 72, "fields": {"name": "Wash Machine A-2300", "slug": "", "description": "Wash Machine A-2300", "created_at": "2022-06-25T16:50:47.681Z", "update_at": "2022-06-25T16:50:47.681Z", "image": "item_image/2022/06/25/wash_machine_5.jpg", "price": "1300.00", "discount": 30, "stock": 34, "available": true, "category": 18, "shop": 14}}, {"model": "app_shop.item", "pk": 73, "fields": {"name": "Wash Machine VHR", "slug": "", "description": "Wash Machine VR", "created_at": "2022-06-25T16:50:47.744Z", "update_at": "2022-06-25T16:50:47.744Z", "image": "item_image/2022/06/25/wash_machine_3.jpg", "price": "2000.00", "discount": 10, "stock": 23, "available": true, "category": 18, "shop": 14}}, {"model": "app_shop.item", "pk": 74, "fields": {"name": "Wash Machine q-90", "slug": "", "description": "Wash Machine q-90", "created_at": "2022-06-25T16:50:47.807Z", "update_at": "2022-06-25T16:50:47.807Z", "image": "item_image/2022/06/25/wash_machine_6.jpg", "price": "1800.00", "discount": 10, "stock": 90, "available": true, "category": 18, "shop": 14}}, {"model": "app_shop.item", "pk": 75, "fields": {"name": "TV lux", "slug": "", "description": "TV lux", "created_at": "2022-06-25T16:52:33.264Z", "update_at": "2022-06-25T16:52:33.265Z", "image": "item_image/2022/06/25/electronic_6.jpg", "price": "3400.00", "discount": 30, "stock": 35, "available": true, "category": 9, "shop": 14}}, {"model": "app_shop.item", "pk": 76, "fields": {"name": "TV 2.0", "slug": "", "description": "TV  smart 2.0", "created_at": "2022-06-25T16:52:33.326Z", "update_at": "2022-06-25T16:52:33.326Z", "image": "item_image/2022/06/25/e.jpg", "price": "1900.00", "discount": 40, "stock": 40, "available": true, "category": 9, "shop": 14}}, {"model": "app_shop.item", "pk": 77, "fields": {"name": "Coffee maker h-234", "slug": "", "description": "Coffee maker h-234", "created_at": "2022-06-25T16:56:34.364Z", "update_at": "2022-06-25T16:56:34.364Z", "image": "item_image/2022/06/25/coffe_maker_1_u0hKtl3.jpeg", "price": "400.00", "discount": 1, "stock": 34, "available": true, "category": 17, "shop": 15}}, {"model": "app_shop.item", "pk": 78, "fields": {"name": "Coffee maker h-200", "slug": "", "description": "Coffee maker h-200", "created_at": "2022-06-25T16:56:34.423Z", "update_at": "2022-06-25T16:56:34.424Z", "image": "item_image/2022/06/25/coffe_maker_2_cwy6GK5.jpg", "price": "250.00", "discount": 0, "stock": 44, "available": true, "category": 17, "shop": 15}}, {"model": "app_shop.item", "pk": 79, "fields": {"name": "Coffee maker vh-5600", "slug": "Coffee-maker-vh-5600", "description": "Coffee maker vh-5600", "created_at": "2022-06-25T16:56:34.483Z", "update_at": "2022-06-25T16:56:34.484Z", "image": "item_image/2022/06/25/coffe_maker_3_H337w6O.jpeg", "price": "330.00", "discount": 20, "stock": 21, "available": true, "category": 17, "shop": 15}}, {"model": "app_shop.item", "pk": 80, "fields": {"name": "Wash Machine A-2300", "slug": "", "description": "Wash Machine A-2300", "created_at": "2022-06-25T16:56:34.541Z", "update_at": "2022-06-25T16:56:34.541Z", "image": "item_image/2022/06/25/wash_machine_5_OjgAZnv.jpg", "price": "1200.00", "discount": 40, "stock": 21, "available": true, "category": 18, "shop": 15}}, {"model": "app_shop.item", "pk": 81, "fields": {"name": "Wash Machine VHR", "slug": "", "description": "Wash Machine VHR", "created_at": "2022-06-25T16:56:34.600Z", "update_at": "2022-06-25T16:56:34.600Z", "image": "item_image/2022/06/25/wash_machine_3_6lUM0vo.jpg", "price": "2100.00", "discount": 10, "stock": 90, "available": true, "category": 18, "shop": 15}}, {"model": "app_shop.item", "pk": 82, "fields": {"name": "Wash Machine VHR", "slug": "", "description": "Wash Machine VHR", "created_at": "2022-06-25T17:08:04.763Z", "update_at": "2022-06-25T17:08:04.763Z", "image": "item_image/2022/06/25/wash_machine_3_VGe3TgS.jpg", "price": "2001.00", "discount": 1, "stock": 90, "available": true, "category": 18, "shop": 16}}, {"model": "app_shop.item", "pk": 83, "fields": {"name": "TV lux", "slug": "", "description": "TV lux", "created_at": "2022-06-25T17:08:04.822Z", "update_at": "2022-06-25T17:08:04.822Z", "image": "item_image/2022/06/25/electronic_6_w1sjML4.jpg", "price": "2900.00", "discount": 90, "stock": 10, "available": true, "category": 9, "shop": 16}}, {"model": "app_shop.item", "pk": 84, "fields": {"name": "Coffee maker h-234", "slug": "", "description": "Coffee maker h-234", "created_at": "2022-06-25T17:08:04.880Z", "update_at": "2022-06-25T17:08:04.880Z", "image": "item_image/2022/06/25/coffe_maker_1_q02oOhq.jpeg", "price": "400.00", "discount": 70, "stock": 7, "available": true, "category": 17, "shop": 16}}, {"model": "app_shop.item", "pk": 85, "fields": {"name": "Wash Machine s-9000", "slug": "", "description": "Wash Machine s-9000", "created_at": "2022-06-25T17:08:04.938Z", "update_at": "2022-06-25T17:08:04.938Z", "image": "item_image/2022/06/25/wash_machine_2.jpg", "price": "2000.00", "discount": 80, "stock": 2, "available": true, "category": 18, "shop": 16}}, {"model": "app_shop.item", "pk": 86, "fields": {"name": "Wash Machine s-9000", "slug": "", "description": "Wash Machine s-9000", "created_at": "2022-06-25T17:12:28.528Z", "update_at": "2022-06-25T17:12:28.528Z", "image": "item_image/2022/06/25/wash_machine_2_ruYCYvL.jpg", "price": "1000.00", "discount": 0, "stock": 99, "available": true, "category": 18, "shop": 17}}, {"model": "app_shop.item", "pk": 87, "fields": {"name": "Wash Machine q-90", "slug": "", "description": "Wash Machine q-90", "created_at": "2022-06-25T17:12:28.594Z", "update_at": "2022-06-25T17:12:28.594Z", "image": "item_image/2022/06/25/wash_machine_6_6Hf3P8D.jpg", "price": "1500.00", "discount": 15, "stock": 100, "available": true, "category": 18, "shop": 17}}, {"model": "app_shop.item", "pk": 88, "fields": {"name": "Coffee maker h-234", "slug": "", "description": "Coffee maker h-234", "created_at": "2022-06-25T17:12:28.664Z", "update_at": "2022-06-25T17:12:28.664Z", "image": "item_image/2022/06/25/coffe_maker_1_Oikxupf.jpeg", "price": "450.00", "discount": 5, "stock": 54, "available": true, "category": 17, "shop": 17}}, {"model": "app_shop.item", "pk": 89, "fields": {"name": "TV 2.0", "slug": "", "description": "TV 2.0", "created_at": "2022-06-25T17:12:28.732Z", "update_at": "2022-06-25T17:12:28.732Z", "image": "item_image/2022/06/25/e_v1NKBR6.jpg", "price": "1200.00", "discount": 20, "stock": 100, "available": true, "category": 9, "shop": 17}}, {"model": "app_shop.item", "pk": 90, "fields": {"name": "TV  1000", "slug": "", "description": "TV  1000", "created_at": "2022-06-25T17:12:28.793Z", "update_at": "2022-06-25T17:12:28.793Z", "image": "item_image/2022/06/25/electronic_4.jpg", "price": "2000.00", "discount": 10, "stock": 28, "available": true, "category": 9, "shop": 17}}, {"model": "app_shop.item", "pk": 91, "fields": {"name": "TV  NG 2.0", "slug": "", "description": "TV  NG 2.0", "created_at": "2022-06-25T17:12:28.855Z", "update_at": "2022-06-25T17:12:28.855Z", "image": "item_image/2022/06/25/electronic_5.jpg", "price": "2100.00", "discount": 40, "stock": 30, "available": true, "category": 9, "shop": 17}}, {"model": "app_shop.itemcategory", "pk": 1, "fields": {"name": "Chair", "slug": "chaire", "image": "static/img/default_category.jpg"}}, {"model": "app_shop.itemcategory", "pk": 2, "fields": {"name": "Table", "slug": "table", "image": "static/img/default_category.jpg"}}, {"model": "app_shop.itemcategory", "pk": 3, "fields": {"name": "Wardrobe", "slug": "wardrobe", "image": "static/img/default_category.jpg"}}, {"model": "app_shop.itemcategory", "pk": 4, "fields": {"name": "Lamp", "slug": "lamp", "image": "static/img/default_category.jpg"}}, {"model": "app_shop.itemcategory", "pk": 5, "fields": {"name": "Sofa", "slug": "sofa", "image": "static/img/default_category.jpg"}}, {"model": "app_shop.itemcategory", "pk": 6, "fields": {"name": "Book set", "slug": "book-set", "image": "static/img/default_category.jpg"}}, {"model": "app_shop.itemcategory", "pk": 7, "fields": {"name": "Kids book", "slug": "kids-book", "image": "static/img/default_category.jpg"}}, {"model": "app_shop.itemcategory", "pk": 8, "fields": {"name": "Copybook", "slug": "copybook", "image": "static/img/default_category.jpg"}}, {"model": "app_shop.itemcategory", "pk": 9, "fields": {"name": "TV set", "slug": "tv-set", "image": "static/img/default_category.jpg"}}, {"model": "app_shop.itemcategory", "pk": 10, "fields": {"name": "Phone", "slug": "phone", "image": "static/img/default_category.jpg"}}, {"model": "app_shop.itemcategory", "pk": 11, "fields": {"name": "Speakers", "slug": "speakers", "image": "static/img/default_category.jpg"}}, {"model": "app_shop.itemcategory", "pk": 12, "fields": {"name": "Highheels", "slug": "highheels", "image": "static/img/default_category.jpg"}}, {"model": "app_shop.itemcategory", "pk": 13, "fields": {"name": "Classic", "slug": "classic", "image": "static/img/default_category.jpg"}}, {"model": "app_shop.itemcategory", "pk": 14, "fields": {"name": "Sneakers", "slug": "sneakers", "image": "static/img/default_category.jpg"}}, {"model": "app_shop.itemcategory", "pk": 15, "fields": {"name": "Shoes classic", "slug": "shoes-classic", "image": "static/img/default_category.jpg"}}, {"model": "app_shop.itemcategory", "pk": 17, "fields": {"name": "Coffee maker", "slug": "coffee-maker", "image": "static/img/default_category.jpg"}}, {"model": "app_shop.itemcategory", "pk": 18, "fields": {"name": "Wash machine", "slug": "wash-machine", "image": "static/img/default_category.jpg"}}, {"model": "app_shop.itemcategory", "pk": 19, "fields": {"name": "Vacuum cleaner", "slug": "vacuum-cleaner", "image": "static/img/default_category.jpg"}}, {"model": "app_shop.shop", "pk": 1, "fields": {"name": "Modern City Wood", "slug": "modern-city-wood", "description": "Modern furniture shop modern", "category": 3, "is_active": true, "image": "shop_avatar/2022/06/25/Funuture_4.jpg"}}, {"model": "app_shop.shop", "pk": 2, "fields": {"name": "Haff", "slug": "haff", "description": "furniture for you", "category": 3, "is_active": true, "image": "shop_avatar/2022/06/25/Funuture_1.jpg"}}, {"model": "app_shop.shop", "pk": 3, "fields": {"name": "NIKEA", "slug": "nikea", "description": "Furniture for life", "category": 3, "is_active": true, "image": "shop_avatar/2022/06/25/Funuture_5.jpg"}}, {"model": "app_shop.shop", "pk": 4, "fields": {"name": "Mebel", "slug": "mebel", "description": "Furniture from Italy", "category": 3, "is_active": true, "image": "shop_avatar/2022/06/25/Funuture_6.jpg"}}, {"model": "app_shop.shop", "pk": 5, "fields": {"name": "Little books", "slug": "little-books", "description": "Bookshop  for kinder", "category": 1, "is_active": true, "image": "shop_avatar/2022/06/25/5.jpg"}}, {"model": "app_shop.shop", "pk": 7, "fields": {"name": "University bookshop", "slug": "university-bookshop", "description": "University bookshop", "category": 1, "is_active": true, "image": "shop_avatar/2022/06/25/34.jpg"}}, {"model": "app_shop.shop", "pk": 8, "fields": {"name": "Shopwill", "slug": "shopwill", "description": "Bookshop", "category": 1, "is_active": true, "image": "shop_avatar/2022/06/25/2.jpg"}}, {"model": "app_shop.shop", "pk": 9, "fields": {"name": "Shoeswill", "slug": "shoeswill", "description": "Shoes", "category": 4, "is_active": true, "image": "shop_avatar/2022/06/25/shoes_shop_1.jpg"}}, {"model": "app_shop.shop", "pk": 10, "fields": {"name": "The kingdom of the shoes", "slug": "the-kingdom-of-the-shoes", "description": "Shoes for children", "category": 4, "is_active": true, "image": "shop_avatar/2022/06/25/shoes_shop_4.jpg"}}, {"model": "app_shop.shop", "pk": 11, "fields": {"name": "Shoe&Shoe", "slug": "shoeshoe", "description": "Shoes", "category": 4, "is_active": true, "image": "shop_avatar/2022/06/25/shoes_shop_2.jpg"}}, {"model": "app_shop.shop", "pk": 12, "fields": {"name": "Shoes Planet", "slug": "shoes-planet", "description": "Shoes", "category": 4, "is_active": true, "image": "shop_avatar/2022/06/25/shoes_shop_5.jpg"}}, {"model": "app_shop.shop", "pk": 13, "fields": {"name": "SSShoes...", "slug": "ssshoes", "description": "ssshoes", "category": 4, "is_active": true, "image": "shop_avatar/2022/06/25/shoes_shop_3.jpg"}}, {"model": "app_shop.shop", "pk": 14, "fields": {"name": "N Video", "slug": "n-video", "description": "N Video Electronics", "category": 2, "is_active": true, "image": "shop_avatar/2022/06/25/electronic_shop_4.jpg"}}, {"model": "app_shop.shop", "pk": 15, "fields": {"name": "El_burrito", "slug": "el_burrito", "description": "Electronics", "category": 2, "is_active": true, "image": "shop_avatar/2022/06/25/electronic_shop_2.jpg"}}, {"model": "app_shop.shop", "pk": 16, "fields": {"name": "Technology Inc", "slug": "technology-inc", "description": "Electronics", "category": 2, "is_active": true, "image": "shop_avatar/2022/06/25/electronic_shop_5.jpg"}}, {"model": "app_shop.shop", "pk": 17, "fields": {"name": "Wally shop", "slug": "wally-shop", "description": "Electronics", "category": 2, "is_active": true, "image": "shop_avatar/2022/06/25/electronic_shop_3.jpg"}}, {"model": "app_shop.shopcategory", "pk": 1, "fields": {"name": "Bookshop", "slug": "bookshop", "description": "bookshop", "icon": "shop_category/bookshop_WvNyvht.jpg"}}, {"model": "app_shop.shopcategory", "pk": 2, "fields": {"name": "Electronics", "slug": "electronics", "description": "electronics shop", "icon": "shop_category/electronics_shop.jpg"}}, {"model": "app_shop.shopcategory", "pk": 3, "fields": {"name": "Furniture", "slug": "furniture", "description": "furniture for home", "icon": "shop_category/furniture_jvciP0q.jpg"}}, {"model": "app_shop.shopcategory", "pk": 4, "fields": {"name": "Shoes", "slug": "shoes", "description": "Shoes shop", "icon": "shop_category/shoe_shop.jpg"}}, {"model": "app_shop.repostlist", "pk": 1, "fields": {"item": 86, "quantity": 1}}, {"model": "app_shop.repostlist", "pk": 2, "fields": {"item": 4, "quantity": 2}}, {"model": "app_shop.repostlist", "pk": 3, "fields": {"item": 78, "quantity": 1}}, {"model": "app_shop.repostlist", "pk": 4, "fields": {"item": 90, "quantity": 1}}, {"model": "app_order.order", "pk": 1, "fields": {"user": 12, "first_name": "Sophie", "last_name": "Burton", "email": "Sophie@mai.org", "created": "2022-06-25T20:55:35.577Z", "updated": "2022-06-25T20:55:35.577Z", "paid": true}}, {"model": "app_order.order", "pk": 2, "fields": {"user": 12, "first_name": "Sophie", "last_name": "Burton", "email": "Smith@mail.com", "created": "2022-06-25T21:07:44.490Z", "updated": "2022-06-25T21:07:44.490Z", "paid": true}}, {"model": "app_order.order", "pk": 3, "fields": {"user": 12, "first_name": "Sophie", "last_name": "Burton", "email": "Sophie@mail.org", "created": "2022-06-25T21:08:50.802Z", "updated": "2022-06-25T21:08:50.802Z", "paid": true}}, {"model": "app_order.order", "pk": 4, "fields": {"user": 12, "first_name": "Sophie", "last_name": "Burton", "email": "Sophie@mail.org", "created": "2022-06-26T10:08:58.792Z", "updated": "2022-06-26T10:08:58.792Z", "paid": true}}, {"model": "app_order.orderitem", "pk": 1, "fields": {"order": 1, "product": 86, "price": "1000.00", "quantity": 1}}, {"model": "app_order.orderitem", "pk": 2, "fields": {"order": 2, "product": 4, "price": "8.91", "quantity": 2}}, {"model": "app_order.orderitem", "pk": 3, "fields": {"order": 3, "product": 78, "price": "250.00", "quantity": 1}}, {"model": "app_order.orderitem", "pk": 4, "fields": {"order": 4, "product": 90, "price": "1800.00", "quantity": 1}}]